<device> 
<deviceProtocol>SIP</deviceProtocol> 
<sshUserId>admin</sshUserId> 
<sshPassword>password</sshPassword> 
<devicePool> 
   <dateTimeSetting> 
      <dateTemplate>D/M/YA</dateTemplate> 
      <timeZone>Central Standard/Daylight Time</timeZone> 
      <ntps> 
         <ntp> 
            <name>xxx.xxx.xxx.xxx</name> 
            <ntpMode>Unicast</ntpMode> 
         </ntp>         
      </ntps> 
   </dateTimeSetting> 
   <callManagerGroup> 
      <members> 
         <member priority="0"> 
            <callManager> 
               <ports> 
                  <ethernetPhonePort>2000</ethernetPhonePort> 
                  <sipPort>5060</sipPort> 
                  <securedSipPort>5061</securedSipPort> 
               </ports> 
               <processNodeName>xxx.xxx.xxx.xxx</processNodeName> 
            </callManager> 
         </member> 
      </members> 
   </callManagerGroup> 
</devicePool> 
<sipProfile> 
   <sipProxies> 
      <backupProxy></backupProxy> 
      <backupProxyPort>5060</backupProxyPort> 
      <emergencyProxy></emergencyProxy> 
      <emergencyProxyPort></emergencyProxyPort> 
      <outboundProxy></outboundProxy> 
      <outboundProxyPort></outboundProxyPort> 
      <registerWithProxy>true</registerWithProxy> 
   </sipProxies> 
   <sipCallFeatures> 
      <cnfJoinEnabled>true</cnfJoinEnabled> 
      <callForwardURI>x-serviceuri-cfwdall</callForwardURI> 
      <callPickupURI>x-cisco-serviceuri-pickup</callPickupURI> 
      <callPickupListURI>x-cisco-serviceuri-opickup</callPickupListURI> 
      <callPickupGroupURI>x-cisco-serviceuri-gpickup</callPickupGroupURI> 
      <meetMeServiceURI>x-cisco-serviceuri-meetme</meetMeServiceURI> 
      <abbreviatedDialURI>x-cisco-serviceuri-abbrdial</abbreviatedDialURI> 
      <rfc2543Hold>false</rfc2543Hold> 
      <callHoldRingback>2</callHoldRingback> 
      <localCfwdEnable>true</localCfwdEnable> 
      <semiAttendedTransfer>true</semiAttendedTransfer> 
      <anonymousCallBlock>2</anonymousCallBlock> 
      <callerIdBlocking>2</callerIdBlocking> 
      <dndControl>0</dndControl> 
      <remoteCcEnable>true</remoteCcEnable> 
   </sipCallFeatures> 
   <sipStack> 
      <sipInviteRetx>6</sipInviteRetx> 
      <sipRetx>10</sipRetx> 
      <timerInviteExpires>180</timerInviteExpires> 
      <timerRegisterExpires>3600</timerRegisterExpires> 
      <timerRegisterDelta>5</timerRegisterDelta> 
      <timerKeepAliveExpires>120</timerKeepAliveExpires> 
      <timerSubscribeExpires>120</timerSubscribeExpires> 
      <timerSubscribeDelta>5</timerSubscribeDelta> 
      <timerT1>500</timerT1> 
      <timerT2>4000</timerT2> 
      <maxRedirects>70</maxRedirects> 
      <remotePartyID>false</remotePartyID> 
      <userInfo>None</userInfo> 
   </sipStack> 
   <autoAnswerTimer>1</autoAnswerTimer> 
   <autoAnswerAltBehavior>false</autoAnswerAltBehavior> 
   <autoAnswerOverride>true</autoAnswerOverride> 
   <transferOnhookEnabled>false</transferOnhookEnabled> 
   <enableVad>false</enableVad> 
   <dtmfAvtPayload>101</dtmfAvtPayload> 
   <dtmfDbLevel>3</dtmfDbLevel> 
   <dtmfOutofBand>avt</dtmfOutofBand> 
   <alwaysUsePrimeLine>false</alwaysUsePrimeLine> 
   <alwaysUsePrimeLineVoiceMail>false</alwaysUsePrimeLineVoiceMail> 
   <kpml>3</kpml> 
   <phoneLabel>PHONE TITLE</phoneLabel> 
   <stutterMsgWaiting>1</stutterMsgWaiting> 
   <callStats>false</callStats> 
   <silentPeriodBetweenCallWaitingBursts>10</silentPeriodBetweenCallWaitingBursts> 
   <disableLocalSpeedDialConfig>false</disableLocalSpeedDialConfig> 
   <sipLines> 
      <line button="1"> 
         <featureID>9</featureID> 
         <featureLabel>DISPLAYED ON SCREEN</featureLabel> 
         <proxy>xxx.xxx.xxx.xxx</proxy> 
         <port>5060</port> 
         <name>EXT NUMBER</name> 
         <displayName>DISPLAY NAME</displayName> 
         <autoAnswer> 
            <autoAnswerEnabled>2</autoAnswerEnabled> 
         </autoAnswer> 
         <callWaiting>3</callWaiting> 
         <authName>EXT NUMBER</authName> 
         <authPassword>EXT PASSWORD</authPassword> 
         <sharedLine>false</sharedLine> 
         <messageWaitingLampPolicy>1</messageWaitingLampPolicy> 
         <messagesNumber>*99</messagesNumber> 
         <ringSettingIdle>4</ringSettingIdle> 
         <ringSettingActive>5</ringSettingActive> 
         <contact>EXT NUMBER</contact> 
         <forwardCallInfoDisplay> 
            <callerName>true</callerName> 
            <callerNumber>false</callerNumber> 
            <redirectedNumber>false</redirectedNumber> 
            <dialedNumber>true</dialedNumber> 
         </forwardCallInfoDisplay> 
      </line> 
      <line button="2"> 
         <featureID>20</featureID> 
         <featureLabel>Menu</featureLabel> 
         <serviceURI>http://example.domain.ext/services/menu.xml</serviceURI> 
      </line> 
   </sipLines> 
   <voipControlPort>5060</voipControlPort> 
   <startMediaPort>16348</startMediaPort> 
   <stopMediaPort>20134</stopMediaPort> 
   <dscpForAudio>184</dscpForAudio> 
   <ringSettingBusyStationPolicy>0</ringSettingBusyStationPolicy> 
   <dialTemplate>dialplan.xml</dialTemplate> 
   <softKeyFile></softKeyFile> 
</sipProfile> 
<commonProfile> 
   <phonePassword></phonePassword> 
   <backgroundImageAccess>true</backgroundImageAccess> 
   <callLogBlfEnabled>2</callLogBlfEnabled> 
</commonProfile> 
<loadInformation>SIP45.8-4-2S</loadInformation> 
<vendorConfig> 
   <disableSpeaker>false</disableSpeaker> 
   <disableSpeakerAndHeadset>false</disableSpeakerAndHeadset> 
   <pcPort>0</pcPort> 
   <settingsAccess>1</settingsAccess> 
   <garp>0</garp> 
   <voiceVlanAccess>0</voiceVlanAccess> 
   <videoCapability>0</videoCapability> 
   <autoSelectLineEnable>0</autoSelectLineEnable> 
   <webAccess>0</webAccess> 
   <daysDisplayNotActive>1,2,3,4,5,6,7</daysDisplayNotActive> 
   <displayOnTime>00:00</displayOnTime> 
   <displayOnDuration>00:00</displayOnDuration> 
   <displayIdleTimeout>00:00</displayIdleTimeout> 
   <spanToPCPort>1</spanToPCPort> 
   <loggingDisplay>1</loggingDisplay> 
   <loadServer></loadServer> 
</vendorConfig> 
<userLocale> 
   <name></name> 
   <uid></uid> 
   <langCode>en_US</langCode> 
   <version>1.0.0.0-1</version> 
   <winCharSet>iso-8859-1</winCharSet> 
</userLocale> 
<networkLocale></networkLocale> 
<networkLocaleInfo> 
   <name></name> 
   <uid></uid> 
   <version>1.0.0.0-1</version> 
</networkLocaleInfo>    
<deviceSecurityMode>1</deviceSecurityMode> 
<authenticationURL>http://example.domain.ext/services/authenticate.php</authenticationURL> 
<directoryURL>http://example.domain.ext/services/directory.php</directoryURL> 
<servicesURL>http://example.domain.ext/services/menu.xml</servicesURL> 
<idleURL></idleURL> 
<informationURL></informationURL> 
<messagesURL></messagesURL> 
<proxyServerURL></proxyServerURL> 
<dscpForSCCPPhoneConfig>96</dscpForSCCPPhoneConfig> 
<dscpForSCCPPhoneServices>0</dscpForSCCPPhoneServices> 
<dscpForCm2Dvce>96</dscpForCm2Dvce> 
<transportLayerProtocol>4</transportLayerProtocol> 
<capfAuthMode>0</capfAuthMode> 
<capfList> 
   <capf> 
      <phonePort>3804</phonePort> 
   </capf> 
</capfList> 
<certHash></certHash> 
<encrConfig>false</encrConfig> 
</device>