<Default> 
<callManagerGroup> 
    <members>  
       <member priority="0">  
          <callManager>  
             <ports>  
                <ethernetPhonePort>2000</ethernetPhonePort>  
                <mgcpPorts>  
                   <listen>2427</listen>  
                   <keepAlive>2428</keepAlive>  
                </mgcpPorts>  
             </ports>  
             <processNodeName></processNodeName>  
          </callManager>  
       </member>  
    </members>  
 </callManagerGroup>  
<loadInformation8 model="IP Phone 7940">P0S3-8-12-00</loadInformation8>  
<loadInformation7 model="IP Phone 7960">P0S3-8-12-00</loadInformation7> 
<loadInformation435 model="Cisco 7945">SIP45.8-4-2S</loadInformation435>
<loadInformation436 model=�Cisco 7965�>SIP45.8-4-2S</loadInformation436> 
<loadInformation30006 model="IP Phone 7970">SIP70.8-0-3S</loadInformation30006> 
<authenticationURL></authenticationURL>  
<directoryURL></directoryURL>  
<idleURL></idleURL>  
<informationURL></informationURL>  
<messagesURL></messagesURL>  
<servicesURL></servicesURL>  
</Default>